Benchmarks,correct
ludic-numbers.c,n
percolation-mean-run-density.c,n
conways-game-of-life.c,n
sorting-algorithms-bubble-sort.c,y
hello-world-newline-omission.c,y
anagrams-2.c,n
identity-matrix.c,n
box-the-compass.c,y
sorting-algorithms-merge-sort.c,n
copy-a-string-2.c,n
cholesky-decomposition.c,n
array-concatenation.c,y
bitwise-operations-1.c,n
bitwise-operations-2.c,n
bitwise-operations-3.c,n
4-rings_or_4-squares.c,n
100-doors-2.c,y
spiral-matrix-1.c,n
spiral-matrix-2.c,n
host-introspection-2.c,y
host-introspection-1.c,y
character-codes.c,y
super-d.c,n
best-shuffle-2.c,n
undefined-values.c,n
shortest_common_supersequence.c,n
polynomial-long-division-2.c,n
polynomial-long-division-3.c,n
polynomial-long-division-1.c,n
munching-squares.c,y
doubly-linked-list-element-definition.c,n
user-input-text.c,n
unix-ls.c,n
sorting-algorithms-heapsort.c,n
globally-replace-text-in-several-files.c,n
stern-brocot-sequence-1.c,n
stern-brocot-sequence-2.c,n
terminal-control-dimensions-1.c,n
universal-turing-machine.c,n
anagrams-1.c,n
sedols.c,n
fibonacci-word-fractal.c,y
parse-an-ip-address-2.c,n
parse-an-ip-address-1.c,n
range-expansion.c,n
introspection.c,n
bitwise-io.c,n
resistor-mesh.c,n
loops-infinite-2.c,n
loops-infinite-1.c,n
loops-infinite-4.c,n
loops-infinite-3.c,n
loops-infinite-5.c,n
loops-nested.c,y
terminal-control-positional-read.c,n
odd-word-problem.c,n
echo-server.c,n
longest-string-challenge-4.c,n
longest-string-challenge-1.c,n
longest-string-challenge-3.c,n
longest-string-challenge-2.c,n
truncatable-primes-1.c,n
truncatable-primes-3.c,n
truncatable-primes-2.c,n
rock-paper-scissors-2.c,n
rock-paper-scissors-1.c,n
calendar.c,n
sorting-algorithms-bogosort.c,n
bitcoin-public-point-to-address.c,n
create-a-file-2.c,y
show-the-epoch-2.c,n
show-the-epoch-1.c,y
bitmap-flood-fill-1.c,n
caesar-cipher.c,y
sorting-algorithms-bead-sort.c,n
abstract-type-4.c,n
test-a-function.c,n
iterated-digits-squaring-1.c,n
iterated-digits-squaring-2.c,n
roots-of-a-function-2.c,n
roots-of-a-function-1.c,n
mutual-recursion.c,y
zeckendorf-arithmetic.c,n
hofstadter-figure-figure-sequences.c,n
exceptions-2.c,n
exceptions-1.c,n
start-from-a-main-routine.c,y
integer-comparison.c,n
gui-enabling-disabling-of-controls-1.c,n
gui-enabling-disabling-of-controls-2.c,n
gui-enabling-disabling-of-controls-3.c,n
enforced-immutability-2.c,y
enforced-immutability-1.c,n
four-bit-adder.c,y
determine-if-a-string-is-numeric.c,y
fibonacci-n-step-number-sequences.c,y
grayscale-image-1.c,n
grayscale-image-2.c,n
grayscale-image-4.c,n
grayscale-image-5.c,n
grayscale-image-3.c,n
extreme-floating-point-values-2.c,n
extreme-floating-point-values-1.c,n
percolation-bond-percolation.c,n
hello-world-line-printer.c,n
100-doors-3.c,y
rename-a-file.c,y
function-composition.c,y
digital-root-multiplicative-digital-root.c,y
loops-while-1.c,n
loops-while-2.c,n
secure-temporary-file-1.c,y
secure-temporary-file-2.c,n
environment-variables.c,y
singly-linked-list-element-definition.c,n
same-fringe.c,n
range-extraction.c,n
terminal-control-inverse-video.c,y
regular-expressions.c,y
ray-casting-algorithm.c,n
count-occurrences-of-a-substring-2.c,y
count-occurrences-of-a-substring-1.c,n
knapsack-problem-0-1.c,n
terminal-control-cursor-positioning-1.c,y
terminal-control-cursor-positioning-2.c,n
gray-code-2.c,n
gray-code-1.c,n
numeric-error-propagation.c,y
queue-definition-1.c,n
queue-definition-2.c,n
queue-definition-3.c,n
queue-definition-4.c,n
md4-1.c,n
md4-2.c,n
roman-numerals-encode-3.c,y
roman-numerals-encode-2.c,n
roman-numerals-encode-1.c,n
lucas-lehmer-test-2.c,n
lucas-lehmer-test-1.c,n
file-input-output-1.c,n
file-input-output-2.c,y
file-input-output-3.c,n
doubly-linked-list-definition-2.c,n
fork-2.c,n
fork-1.c,n
set-puzzle.c,n
sudoku.c,n
sorting-algorithms-insertion-sort.c,n
catalan-numbers-1.c,n
circles-of-given-radius-through-two-points.c,y
guess-the-number-with-feedback--player--1.c,n
guess-the-number-with-feedback--player--2.c,n
vogels-approximation-method-2.c,n
vogels-approximation-method-1.c,n
variadic-function.c,n
old-lady-swallowed-a-fly.c,n
include-a-file.c,n
set.c,y
set-of-real-numbers.c,n
bitmap-1.c,n
bitmap-2.c,n
formatted-numeric-output.c,y
primality-by-trial-division.c,n
singly-linked-list-element-insertion-1.c,n
singly-linked-list-element-insertion-4.c,n
singly-linked-list-element-insertion-5.c,n
singly-linked-list-element-insertion-2.c,n
singly-linked-list-element-insertion-3.c,n
first-class-functions-1.c,n
first-class-functions-3.c,n
first-class-functions-2.c,n
record-sound.c,y
string-interpolation--included-.c,y
color-of-a-screen-pixel-1.c,n
color-of-a-screen-pixel-2.c,n
ranking-methods.c,n
luhn-test-of-credit-card-numbers.c,n
averages-mode.c,n
sequence-of-non-squares.c,n
polymorphic-copy.c,y
happy-numbers-2.c,n
happy-numbers-1.c,n
memory-allocation-4.c,n
memory-allocation-3.c,n
memory-allocation-2.c,n
memory-allocation-1.c,y
metered-concurrency.c,n
semordnilap.c,n
generator-exponential-2.c,n
generator-exponential-1.c,n
non-decimal-radices-input-2.c,n
non-decimal-radices-input-1.c,y
strip-comments-from-a-string.c,n
permutation-test-2.c,n
permutation-test-1.c,y
bitmap-bresenhams-line-algorithm.c,n
documentation.c,n
multiple-regression.c,n
pernicious-numbers.c,y
dragon-curve.c,n
write-language-name-in-3d-ascii.c,y
higher-order-functions-3.c,n
higher-order-functions-4.c,n
higher-order-functions-1.c,n
higher-order-functions-2.c,n
higher-order-functions-5.c,n
fast-fourier-transform-2.c,n
fast-fourier-transform-1.c,n
paraffins-2.c,n
paraffins-1.c,y
write-float-arrays-to-a-text-file-2.c,n
write-float-arrays-to-a-text-file-1.c,y
window-creation-4.c,n
window-creation-2.c,n
window-creation-1.c,n
window-creation-3.c,n
time-a-function.c,n
parametrized-sql-statement.c,n
day-of-the-week.c,y
reduced-row-echelon-form.c,y
reverse-a-string-2.c,n
reverse-a-string-1.c,n
numerical-integration-1.c,n
numerical-integration-2.c,n
real-constants-and-functions.c,n
multiplicative-order.c,n
csv-to-html-translation-1.c,n
rsa-code.c,n
gamma-function.c,n
strip-whitespace-from-a-string-top-and-tail.c,n
move-to-front-algorithm.c,n
binary-search.c,y
opengl.c,n
euler-method-2.c,n
euler-method-1.c,n
strip-control-codes-and-extended-characters-from-a-string-2.c,n
strip-control-codes-and-extended-characters-from-a-string-1.c,n
strip-control-codes-and-extended-characters-from-a-string-3.c,n
number-names.c,n
knapsack-problem-continuous.c,n
jensens-device-2.c,y
jensens-device-1.c,y
levenshtein-distance-2.c,n
levenshtein-distance-1.c,n
xml-input.c,n
state-name-puzzle.c,n
hello-world-standard-error.c,n
empty-program-3.c,n
empty-program-2.c,y
empty-program-1.c,y
loops-continue.c,n
constrained-random-points-on-a-circle-1.c,n
find-common-directory-path-1.c,n
find-common-directory-path-2.c,n
penneys-game.c,n
bulls-and-cows-2.c,n
dot-product.c,y
one-dimensional-cellular-automata-2.c,n
one-dimensional-cellular-automata-1.c,n
sort-an-integer-array.c,n
greyscale-bars-display.c,n
set-consolidation-2.c,n
set-consolidation-1.c,n
bitmap-read-an-image-through-a-pipe-1.c,n
bitmap-read-an-image-through-a-pipe-2.c,n
sorting-algorithms-gnome-sort.c,n
apply-a-callback-to-an-array-2.c,n
apply-a-callback-to-an-array-1.c,n
ackermann-function-1.c,y
arithmetic-geometric-mean-2.c,n
factors-of-a-mersenne-number.c,n
create-a-two-dimensional-array-at-runtime-4.c,y
sort-using-a-custom-comparator.c,n
simple-windowed-application.c,n
99-bottles-of-beer-5.c,n
flow-control-structures.c,n
bitmap-read-a-ppm-file-3.c,n
bitmap-read-a-ppm-file-2.c,n
bitmap-read-a-ppm-file-1.c,n
copy-a-string-1.c,n
image-noise-2.c,n
image-noise-1.c,n
continued-fraction.c,y
loop-over-multiple-arrays-simultaneously.c,y
sparkline-in-unicode.c,n
look-and-say-sequence.c,n
lu-decomposition.c,n
text-processing-max-licenses-in-use-2.c,n
text-processing-max-licenses-in-use-1.c,n
text-processing-max-licenses-in-use-3.c,n
sockets.c,n
string-case.c,y
five-weekends-1.c,n
five-weekends-2.c,y
find-largest-left-truncatable-prime-in-a-given-base.c,n
the-twelve-days-of-christmas.c,y
greatest-common-divisor-3.c,n
greatest-common-divisor-2.c,n
greatest-common-divisor-1.c,n
s-expressions-2.c,n
s-expressions-1.c,n
exceptions-catch-an-exception-thrown-in-a-nested-call.c,n
palindrome-detection-2.c,n
palindrome-detection-1.c,n
palindrome-detection-3.c,n
palindrome-detection-4.c,n
count-in-octal.c,n
narcissistic-decimal-number.c,n
canny-edge-detector.c,n
averages-median-2.c,n
bulls-and-cows-player-1.c,n
horizontal-sundial-calculations.c,y
parsing-rpn-calculator-algorithm-1.c,n
parsing-rpn-calculator-algorithm-2.c,n
least-common-multiple.c,y
url-decoding.c,n
knapsack-problem-bounded.c,y
k-d-tree.c,n
empty-string.c,n
scope-function-names-and-labels.c,y
tokenize-a-string-1.c,n
tokenize-a-string-2.c,n
create-a-two-dimensional-array-at-runtime-1.c,y
ordered-partitions-2.c,n
ordered-partitions-1.c,n
first-class-environments.c,n
arithmetic-geometric-mean-1.c,n
walk-a-directory-recursively-1.c,n
walk-a-directory-recursively-2.c,n
walk-a-directory-recursively-3.c,n
statistics-basic.c,y
supermutation.c,n
sorting-algorithms-radix-sort.c,n
xml-output.c,n
man-or-boy-test-1.c,y
man-or-boy-test-3.c,y
man-or-boy-test-2.c,n
gui-maximum-window-dimensions.c,n
pointers-and-references-5.c,n
pointers-and-references-9.c,n
pointers-and-references-3.c,n
pointers-and-references-1.c,n
pointers-and-references-8.c,n
pointers-and-references-10.c,y
pointers-and-references-6.c,n
pointers-and-references-2.c,n
pointers-and-references-7.c,n
pointers-and-references-4.c,n
discordian-date.c,n
balanced-brackets-1.c,n
update-a-configuration-file.c,n
string-comparison-2.c,y
string-comparison-1.c,n
repeat-a-string-2.c,n
repeat-a-string-3.c,y
repeat-a-string-1.c,y
unicode-variable-names.c,y
visualize-a-tree.c,y
tic-tac-toe.c,n
bitmap-b-zier-curves-cubic-2.c,n
bitmap-b-zier-curves-cubic-1.c,n
quickselect-algorithm.c,y
honeycombs.c,n
9-billion-names-of-god-the-integer.c,n
pascals-triangle-puzzle-1.c,y
pascals-triangle-puzzle-2.c,n
maze-generation.c,n
anonymous-recursion.c,n
semiprime.c,n
create-a-file-1.c,y
optional-parameters.c,n
sum_digits.c,y
currying.c,n
partial-function-application-1.c,n
partial-function-application-2.c,n
loops-do-while.c,n
sieve-of-eratosthenes-1.c,n
sieve-of-eratosthenes-3.c,n
sieve-of-eratosthenes-2.c,n
multiple-distinct-objects.c,n
sorting-algorithms-stooge-sort.c,y
deepcopy-1.c,n
compound-data-type.c,n
metaprogramming-3.c,n
metaprogramming-2.c,n
metaprogramming-1.c,y
sorting-algorithms-quicksort-1.c,n
sorting-algorithms-quicksort-2.c,n
fibonacci-word.c,n
langtons-ant.c,n
tau.c,y
dining-philosophers-3.c,n
arrays-4.c,n
arrays-10.c,n
arrays-6.c,n
arrays-9.c,n
arrays-2.c,n
arrays-3.c,n
arrays-1.c,n
arrays-8.c,n
arrays-7.c,n
arrays-5.c,n
create-a-two-dimensional-array-at-runtime-5.c,y
distributed-programming-1.c,n
e_val.c,n
string-length-4.c,y
string-length-2.c,n
string-length-5.c,y
string-length-3.c,y
string-length-1.c,y
monte-carlo-methods.c,n
text-processing-2.c,n
xml-dom-serialization.c,n
bitmap-ppm-conversion-through-a-pipe-3.c,n
rendezvous.c,n
topological-sort-1.c,n
topological-sort-2.c,n
variables-1.c,n
variables-3.c,n
variables-5.c,n
variables-2.c,n
variables-4.c,n
bernoulli-numbers.c,n
roman-numerals-decode.c,n
create-an-html-table.c,y
soap-3.c,n
soap-2.c,n
soap-1.c,n
non-decimal-radices-convert.c,n
filter.c,n
fizzbuzz-8.c,n
fizzbuzz-5.c,n
fizzbuzz-11.c,y
fizzbuzz-2.c,n
fizzbuzz-9.c,y
fizzbuzz-7.c,y
fizzbuzz-3.c,n
fizzbuzz-6.c,y
fizzbuzz-4.c,y
fizzbuzz-1.c,n
fizzbuzz-10.c,y
read-a-file-line-by-line-2.c,n
read-a-file-line-by-line-3.c,n
read-a-file-line-by-line-1.c,n
zeckendorf-number-representation.c,n
parametric-polymorphism.c,y
collections-1.c,n
collections-2.c,n
sorting-algorithms-cocktail-sort-2.c,n
sorting-algorithms-cocktail-sort-1.c,n
crc-32-1.c,n
checkpoint-synchronization.c,n
24-game.c,n
morse-code.c,n
string-concatenation.c,y
file-modification-time-1.c,n
file-modification-time-4.c,n
file-modification-time-2.c,n
file-modification-time-3.c,n
word-wrap.c,n
send-email.c,n
sleep.c,y
call-a-foreign-language-function-1.c,n
call-a-foreign-language-function-2.c,n
terminal-control-clear-the-screen-2.c,y
terminal-control-clear-the-screen-1.c,n
function-frequency.c,n
pythagorean-triples-2.c,n
pythagorean-triples-4.c,n
pythagorean-triples-1.c,n
pythagorean-triples-5.c,n
pythagorean-triples-3.c,y
"hofstadter-conway-$10,000-sequence.c",n
sokoban.c,n
mouse-position.c,n
i-before-e-except-after-c.c,n
json.c,n
probabilistic-choice-1.c,n
probabilistic-choice-2.c,n
unbias-a-random-generator.c,y
sort-an-array-of-composite-structures.c,n
table-creation-postal-addresses.c,n
averages-mean-time-of-day.c,y
amb.c,n
quine-1.c,y
quine-2.c,y
sum-of-a-series.c,y
holidays-related-to-easter.c,n
read-a-specific-line-from-a-file-1.c,n
read-a-specific-line-from-a-file-2.c,n
safe-addition-3.c,n
safe-addition-1.c,y
safe-addition-2.c,n
sha-1.c,n
balanced-ternary.c,n
99-bottles-of-beer-3.c,n
knuths-algorithm-s.c,n
rate-counter.c,n
magic-squares-of-odd-order.c,n
gui-component-interaction-3.c,n
gui-component-interaction-1.c,n
gui-component-interaction-2.c,n
https-authenticated.c,n
function-definition-2.c,n
function-definition-3.c,n
function-definition-4.c,n
function-definition-1.c,n
unbias_random_generator.c,y
reverse-words-in-a-string.c,n
rep-string-1.c,y
rep-string-2.c,n
append-a-record-to-the-end-of-a-text-file.c,n
bitcoin-address-validation.c,n
hofstadter-q-sequence.c,y
pick-random-element.c,y
sorting-algorithms-sleep-sort-1.c,n
sorting-algorithms-sleep-sort-2.c,n
stack-traces-4.c,n
stack-traces-1.c,n
stack-traces-3.c,n
stack-traces-2.c,n
http.c,n
menu.c,n
file-size-1.c,n
file-size-2.c,n
create-an-object-at-a-given-address-1.c,n
generic-swap-1.c,n
generic-swap-2.c,n
generic-swap-3.c,y
kaprekar-numbers-1.c,n
kaprekar-numbers-2.c,n
list-comprehensions-3.c,n
list-comprehensions-1.c,n
list-comprehensions-2.c,n
a+b-3.c,n
amicable-pairs.c,n
evaluate-binomial-coefficients.c,n
fractran.c,n
multifactorial.c,y
total-circles-area-1.c,n
total-circles-area-2.c,n
find-the-last-sunday-of-each-month.c,n
create-a-two-dimensional-array-at-runtime-3.c,n
leap-year.c,n
matrix-arithmetic-2.c,n
matrix-arithmetic-1.c,y
create-a-file-on-magnetic-tape.c,y
input-loop.c,n
window-management.c,n
100-doors-5.c,y
sort-disjoint-sublist.c,y
almost-prime.c,n
bitmap-b-zier-curves-quadratic-2.c,n
bitmap-b-zier-curves-quadratic-1.c,n
detect-division-by-zero.c,n
quaternion-type-1.c,n
quaternion-type-2.c,n
compare-sorting-algorithms-performance-5.c,n
sum_three_five.c,y
knights-tour.c,n
simulate-input-keyboard.c,n
delete-a-file-2.c,y
heronian-triangles.c,n
take-notes-on-the-command-line.c,n
sorting-algorithms-strand-sort-1.c,n
sorting-algorithms-strand-sort-2.c,n
inheritance-multiple.c,n
trabb_pardo-knuth_algorithm.c,y
animation.c,n
shell-one-liner.c,n
ackermann-function-2.c,n
casting-out-nines.c,n
comma-quibbling.c,n
inverted-index-1.c,n
inverted-index-2.c,n
sierpinski-triangle-graphical.c,n
literals-string-3.c,n
literals-string-4.c,n
literals-string-2.c,n
literals-string-1.c,n
keyboard-macros.c,n
long-multiplication-2.c,n
long-multiplication-1.c,n
sorting-algorithms-selection-sort.c,y
parsing-rpn-to-infix-conversion.c,n
arithmetic-geometric-mean-calculate-pi.c,n
literals-integer.c,y
xiaolin-wus-line-algorithm-1.c,n
xiaolin-wus-line-algorithm-2.c,n
xiaolin-wus-line-algorithm-3.c,n
xiaolin-wus-line-algorithm-4.c,n
atomic-updates-1.c,n
remove-duplicate-elements-2.c,n
remove-duplicate-elements-1.c,n
remove-duplicate-elements-3.c,n
loops-for.c,n
crc-32-2.c,n
user-input-graphical.c,n
permutations-3.c,n
permutations-1.c,y
permutations-4.c,n
permutations-2.c,n
delegates.c,n
bitmap-flood-fill-5.c,n
command-line-arguments.c,n
pragmatic-directives.c,y
random-number-generator--included-.c,y
loops-n-plus-one-half.c,y
call-a-function-in-a-shared-library-1.c,n
deal-cards-for-freecell.c,y
linear-congruential-generator.c,y
longest-increasing-subsequence.c,n
keyboard-input-obtain-a-y-or-n-response.c,n
case-sensitivity-of-identifiers.c,y
enumerations-1.c,n
enumerations-2.c,n
main-step-of-gost-28147-89.c,n
map-range.c,y
nth.c,n
percentage-difference-between-images.c,n
keyboard-input-keypress-check.c,n
knapsack-problem-unbounded.c,n
sorting-algorithms-counting-sort-2.c,n
sorting-algorithms-counting-sort-1.c,n
non-decimal-radices-output.c,y
terminal-control-cursor-movement.c,n
window-creation-x11-1.c,n
window-creation-x11-2.c,n
atomic-updates-2.c,n
verify-distribution-uniformity-chi-squared-test-3.c,n
verify-distribution-uniformity-chi-squared-test-1.c,n
verify-distribution-uniformity-chi-squared-test-2.c,n
simulate-input-mouse.c,n
prime-decomposition-2.c,n
prime-decomposition-1.c,n
prime-decomposition-3.c,n
knuth-shuffle-1.c,n
knuth-shuffle-2.c,n
synchronous-concurrency.c,n
image-convolution-1.c,n
image-convolution-3.c,n
image-convolution-2.c,n
brazillian_numbers.c,n
catalan-numbers-pascals-triangle.c,y
check-that-file-exists.c,y
maximum-triangle-path-sum.c,n
permutations-by-swapping.c,n
pangram-checker-1.c,n
pangram-checker-2.c,n
singleton-2.c,n
singleton-1.c,n
singleton-3.c,n
deconvolution-1d.c,n
sierpinski-carpet-3.c,n
sierpinski-carpet-2.c,n
sierpinski-carpet-1.c,n
left-factorials.c,n
fractal-tree.c,n
percolation-site-percolation-2.c,n
percolation-site-percolation-1.c,n
execute-hq9+.c,n
abstract-type-3.c,n
handle-a-signal.c,n
strip-a-set-of-characters-from-a-string-1.c,y
strip-a-set-of-characters-from-a-string-2.c,n
read-a-configuration-file.c,n
null-object.c,y
integer-sequence-1.c,n
integer-sequence-3.c,n
integer-sequence-2.c,n
number-reversal-game-1.c,n
number-reversal-game-2.c,n
fibonacci-sequence-4.c,n
fibonacci-sequence-5.c,n
fibonacci-sequence-1.c,n
fibonacci-sequence-2.c,n
fibonacci-sequence-3.c,n
priority-queue.c,n
arithmetic-complex-1.c,n
accumulator-factory.c,y
variable-length-quantity-2.c,n
variable-length-quantity-1.c,n
cut-a-rectangle-3.c,n
cut-a-rectangle-1.c,y
forest-fire-1.c,n
forest-fire-2.c,n
arbitrary-precision-integers--included--2.c,n
guess-the-number-with-feedback.c,y
matrix-transposition-2.c,n
matrix-transposition-1.c,y
extend-your-language-1.c,n
extend-your-language-4.c,n
extend-your-language-3.c,n
extend-your-language-2.c,n
terminal-control-hiding-the-cursor.c,n
entropy-1.c,n
entropy-2.c,n
tree-traversal.c,n
aliquot-sequence-classifications-1.c,n
nautical-bell.c,n
determine-if-only-one-instance-is-running-1.c,n
zhang-suen-thinning-algorithm.c,n
arithmetic-integer.c,n
floyds-triangle.c,n
logical-operations.c,n
queue-usage.c,n
date-format.c,y
narcissist.c,n
increment-a-numerical-string.c,n
problem-of-apollonius.c,n
chinese-remainder-theorem.c,y
executable-library-2.c,n
executable-library-3.c,n
executable-library-1.c,n
babbage_problem.c,n
temperature-conversion.c,y
catmull-clark-subdivision-surface.c,n
call-a-function.c,n
sorting-algorithms-pancake-sort-3.c,n
sorting-algorithms-pancake-sort-1.c,n
sorting-algorithms-pancake-sort-2.c,n
bitmap-histogram-4.c,n
https.c,n
closures-value-capture-1.c,n
remove-lines-from-a-file.c,n
split_a_char_string_based_on_change_of_char.c,n
flatten-a-list.c,n
singly-linked-list-traversal.c,n
draw-a-clock.c,n
variable-size-set-1.c,n
variable-size-set-2.c,n
variable-size-set-3.c,n
averages-median-1.c,n
hello-world-graphical-1.c,n
hello-world-graphical-3.c,n
hello-world-graphical-2.c,n
100-doors-1.c,y
string-prepend.c,y
generate-chess960-starting-position.c,n
the-isaac-cipher.c,n
iban.c,n
best-shuffle-1.c,n
sql-based-authentication.c,n
system-time.c,y
url-encoding.c,n
web-scraping.c,n
averages-pythagorean-means.c,y
vampire-number.c,n
concurrent-computing-1.c,n
ethiopian-multiplication.c,y
99-bottles-of-beer-1.c,y
greatest-subsequential-sum.c,y
self-describing-numbers-3.c,n
self-describing-numbers-2.c,n
self-describing-numbers-4.c,n
self-describing-numbers-1.c,n
averages-root-mean-square.c,y
hello-world-text-4.c,n
hello-world-text-1.c,y
hello-world-text-3.c,y
hello-world-text-2.c,y
scope-modifiers-2.c,n
scope-modifiers-1.c,n
sum-of-squares.c,y
multisplit-1.c,n
multisplit-2.c,n
last-friday-of-each-month.c,n
mandelbrot-set-2.c,n
mandelbrot-set-3.c,n
mandelbrot-set-1.c,n
brownian-tree-2.c,n
pascals-triangle-1.c,y
pascals-triangle-3.c,n
pascals-triangle-2.c,y
walk-a-directory-non-recursively.c,y
unicode-strings.c,n
events.c,y
continued-fraction-arithmetic-construct-from-rational-number.c,y
catamorphism.c,y
topswops-2.c,n
topswops-1.c,n
strip-block-comments.c,n
stable-marriage-problem.c,n
benfords-law.c,n
averages-mean-angle.c,y
animate-a-pendulum.c,n
comments-3.c,n
comments-4.c,n
comments-5.c,n
comments-7.c,n
comments-2.c,n
comments-6.c,n
comments-1.c,n
formal-power-series.c,n
draw-a-cuboid.c,n
galton-box-animation.c,n
natural-sorting-1.c,n
natural-sorting-2.c,n
parsing-shunting-yard-algorithm.c,n
subtractive-generator.c,n
combinations-and-permutations.c,n
verify-distribution-uniformity-naive.c,n
best-shuffle-4.c,n
sorting-algorithms-comb-sort.c,n
memory-layout-of-a-data-structure.c,n
sum-and-product-of-an-array.c,n
haversine-formula.c,y
run-length-encoding.c,n
extensible-prime-generator.c,n
even-or-odd-1.c,n
even-or-odd-2.c,n
horners-rule-for-polynomial-evaluation.c,y
vigen-re-cipher-cryptanalysis.c,n
qr-decomposition.c,n
jump-anywhere-6.c,n
jump-anywhere-4.c,n
jump-anywhere-5.c,n
jump-anywhere-1.c,n
jump-anywhere-2.c,n
jump-anywhere-3.c,n
determine-if-only-one-instance-is-running-2.c,n
24-game-solve.c,n
average-loop-length.c,n
dining-philosophers-1.c,n
stem-and-leaf-plot-2.c,n
stem-and-leaf-plot-1.c,n
top-rank-per-group.c,n
symmetric-difference-2.c,n
symmetric-difference-1.c,n
order-two-numerical-lists-2.c,n
order-two-numerical-lists-1.c,n
sum-digits-of-an-integer.c,y
averages-arithmetic-mean.c,y
greatest-element-of-a-list-2.c,n
greatest-element-of-a-list-1.c,n
zig-zag-matrix.c,n
zebra-puzzle-1.c,n
zebra-puzzle-2.c,n
"abundant,-deficient-and-perfect-number-classifications.c",n
100-doors-4.c,n
soundex.c,n
read-entire-file-3.c,n
read-entire-file-2.c,n
read-entire-file-1.c,n
price-fraction.c,n
combinations-2.c,n
conjugate-transpose.c,n
factorial-5.c,n
factorial-2.c,n
factorial-4.c,n
factorial-3.c,n
factorial-1.c,n
factorial-6.c,n
multiplication-tables.c,y
assertions-1.c,n
99-bottles-of-beer-2.c,n
infinity-2.c,y
infinity-1.c,y
simple-database.c,n
van_der_corput.c,y
death-star.c,n
perfect-numbers-2.c,n
perfect-numbers-1.c,n
execute-a-markov-algorithm-2.c,n
execute-a-markov-algorithm-1.c,n
substring-2.c,n
substring-3.c,y
substring-1.c,n
dinesmans-multiple-dwelling-problem.c,n
concurrent-computing-2.c,y
compare-sorting-algorithms-performance-4.c,n
percolation-mean-cluster-density.c,n
compile-time-calculation-2.c,y
doubly-linked-list-traversal.c,n
xml-xpath.c,n
one-of-n-lines-in-a-file.c,n
variable-size-get.c,n
hickerson-series-of-almost-integers.c,n
longest-common-subsequence-2.c,n
longest-common-subsequence-1.c,n
equilibrium-index.c,y
call-an-object-method.c,n
n-queens-problem-4.c,n
n-queens-problem-1.c,n
n-queens-problem-2.c,n
n-queens-problem-3.c,n
calendar---for-real-programmers.c,n
huffman-coding-2.c,n
huffman-coding-1.c,n
arena-storage-pool-7.c,n
inverted-syntax-2.c,n
inverted-syntax-1.c,n
largest-int-from-concatenated-ints.c,n
text-processing-1.c,n
numerical-integration-gauss-legendre-quadrature.c,n
last-letter-first-letter-2.c,n
last-letter-first-letter-3.c,n
last-letter-first-letter-1.c,n
arbitrary-precision-integers--included--1.c,n
plot-coordinate-pairs-1.c,n
plot-coordinate-pairs-2.c,n
carmichael-3-strong-pseudoprimes.c,y
write-to-windows-event-log.c,n
dutch-national-flag-problem.c,n
loops-for-with-a-specified-step.c,n
arbitrary-precision-integers--included--3.c,n
parallel-calculations.c,n
metronome.c,n
a+b-2.c,n
classes.c,n
combinations-with-repetitions.c,n
md5-2.c,y
md5-1.c,n
wireworld.c,n
terminal-control-coloured-text.c,y
minesweeper-game-2.c,n
minesweeper-game-1.c,n
keyboard-input-flush-the-keyboard-buffer-2.c,n
keyboard-input-flush-the-keyboard-buffer-1.c,n
arithmetic-rational.c,n
letter-frequency.c,n
polynomial-regression-3.c,n
polynomial-regression-1.c,n
polynomial-regression-2.c,n
trigonometric-functions.c,y
color-quantization.c,n
evolutionary-algorithm-1.c,n
evolutionary-algorithm-2.c,n
anagrams-deranged-anagrams.c,n
harshad-or-niven-series.c,n
ulam-spiral--for-primes--2.c,n
ulam-spiral--for-primes--1.c,n
doubly-linked-list-element-insertion-3.c,n
doubly-linked-list-element-insertion-2.c,n
doubly-linked-list-element-insertion-1.c,n
rot-13.c,n
sierpinski-triangle-1.c,y
sierpinski-triangle-3.c,n
sierpinski-triangle-4.c,n
sierpinski-triangle-2.c,n
hostname.c,y
van_eck_sequence.c,y
sequence-of-primes-by-trial-division.c,n
loops-downward-for.c,n
non-continuous-subsequences-2.c,n
non-continuous-subsequences-1.c,n
non-continuous-subsequences-3.c,y
roots-of-unity.c,n
stair-climbing-puzzle-2.c,n
stair-climbing-puzzle-1.c,n
return-multiple-values-1.c,y
return-multiple-values-2.c,y
matrix-exponentiation-operator.c,n
solve-a-hidato-puzzle.c,n
voronoi-diagram.c,n
monty-hall-problem.c,n
sutherland-hodgman-polygon-clipping.c,n
ripemd-160.c,n
terminal-control-ringing-the-terminal-bell.c,y
deepcopy-2.c,n
create-an-object-at-a-given-address-2.c,n
hailstone-sequence-2.c,n
hailstone-sequence-1.c,n
hello-world-web-server.c,n
hash-from-two-arrays.c,n
execute-a-system-command.c,n
csv-data-manipulation.c,n
flipping-bits-game.c,n
nth-root.c,n
thieles-interpolation-formula-1.c,n
thieles-interpolation-formula-2.c,n
abstract-type-2.c,n
find-limit-of-recursion-1.c,n
find-limit-of-recursion-2.c,n
towers-of-hanoi-2.c,n
towers-of-hanoi-1.c,y
function-prototype.c,n
permutations-derangements.c,n
empty-directory.c,n
convert-decimal-number-to-rational-1.c,n
combinations-1.c,y
substring-top-and-tail.c,y
vigen-re-cipher.c,n
forward-difference-2.c,y
forward-difference-1.c,y
count-in-factors.c,n
k-means++-clustering.c,n
create-a-two-dimensional-array-at-runtime-2.c,n
permutations-rank-of-a-permutation.c,y
hamming-numbers-2.c,n
hamming-numbers-1.c,n
closures-value-capture-3.c,n
terminal-control-unicode-output.c,n
vector-products.c,n
named-parameters.c,y
terminal-control-display-an-extended-character.c,y
averages-simple-moving-average-2.c,n
speech-synthesis.c,n
aks-test-for-primes.c,n
compile-time-calculation-1.c,n
sorting-algorithms-shell-sort.c,n
machine-code.c,n
loops-foreach-4.c,y
loops-foreach-3.c,y
loops-foreach-1.c,n
loops-foreach-2.c,y
trabb-pardo-knuth-algorithm.c,y
aliquot-sequence-classifications-2.c,n
random-numbers.c,y
yin-and-yang.c,y
short-circuit-evaluation.c,n
dining-philosophers-2.c,n
exponentiation-operator-1.c,n
exponentiation-operator-2.c,n
sum-multiples-of-3-and-5-1.c,y
sum-multiples-of-3-and-5-2.c,n
count-the-coins-1.c,n
sha-256.c,n
truncate-a-file-1.c,n
truncate-a-file-2.c,n
binary-strings.c,n
string-append.c,y
string-matching-2.c,n
string-matching-1.c,y
integer-overflow.c,y
chat-server.c,n
abc-problem.c,n
seven-sided-dice-from-five-sided-dice.c,n
ordered-words-1.c,n
ordered-words-2.c,n
ordered-words-3.c,n
use-another-language-to-call-a-function-2.c,n
use-another-language-to-call-a-function-1.c,n
use-another-language-to-call-a-function-3.c,n
brownian-tree-1.c,n
power-set.c,y
stack-2.c,n
stack-1.c,n
loops-break.c,n
program-name-2.c,y
program-name-1.c,n
program-name-3.c,n
program-name-4.c,n
arithmetic-complex-2.c,y
modular-exponentiation.c,n
factors-of-an-integer-1.c,n
factors-of-an-integer-2.c,n
find-the-missing-permutation.c,n
primes.c,y
delete-a-file-1.c,y
here-document.c,y
binary-digits.c,y
y-combinator.c,y
modular-inverse-1.c,n
modular-inverse-2.c,n
random-number-generator--device--2.c,n
random-number-generator--device--3.c,n
random-number-generator--device--1.c,n
random-number-generator--device--4.c,n
random-number-generator--device--5.c,n
matrix-multiplication.c,n
pi.c,n
lzw-compression.c,n
terminal-control-preserve-screen.c,n
active-object.c,n
ternary-logic-1.c,y
ternary-logic-2.c,y
ternary-logic-3.c,n
van-der-corput-sequence.c,y
roots-of-a-quadratic-function-3.c,n
roots-of-a-quadratic-function-4.c,n
roots-of-a-quadratic-function-2.c,n
roots-of-a-quadratic-function-1.c,n
playing-cards.c,n
gaussian-elimination.c,y
median-filter.c,n
phrase-reversals.c,n
self-referential-sequence.c,n
element-wise-operations.c,n
sorting-algorithms-permutation-sort.c,n
guess-the-number.c,n
zero-to-the-zero-power.c,y
runge-kutta-method.c,y
deconvolution-2d+-1.c,n
bitmap-write-a-ppm-file-4.c,n
bitmap-write-a-ppm-file-1.c,y
bitmap-write-a-ppm-file-3.c,n
bitmap-write-a-ppm-file-2.c,y
digital-root.c,n
date-manipulation.c,y
program-termination-3.c,n
program-termination-1.c,n
program-termination-2.c,n
draw-a-sphere-1.c,n
draw-a-sphere-2.c,n
99-bottles-of-beer-4.c,y
josephus-problem.c,n
generate-lower-case-ascii-alphabet.c,y
search-a-list.c,y
a+b-1.c,n
make-directory-path.c,n
middle-three-digits-1.c,n
middle-three-digits-2.c,n
abstract-type-1.c,n
